admiration	amusement	anger	annoyance	approval	caring	confusion	curiosity	desire	disappointment	disapproval	disgust	embarrassment	excitement	fear	gratitude	grief	joy	love	nervousness	optimism	pride	realization	relief	remorse	sadness	surprise	neutral
0.008790463	0.02254048	0.0040016472	0.02136302	0.08262977	0.002359569	0.015021056	0.010820359	0.0041555166	0.01844722	0.013513118	0.0050113797	0.004834652	0.0149903	0.0036509037	0.0014653206	0.0008947551	0.007376492	0.0012297332	0.0028780699	0.011792839	0.007009417	0.116862744	0.0019344091	0.0040606856	0.008205235	0.0422242	0.5850147
0.027218074	0.025385618	0.0030779839	0.019394636	0.19649813	0.026956111	0.004333079	0.0076758564	0.01175946	0.010985315	0.009795874	0.0019883215	0.002515316	0.014881849	0.0028645098	0.0074346066	0.0012739897	0.03497657	0.0023810267	0.0030138195	0.058549345	0.0143095255	0.07214114	0.015125662	0.004033506	0.0066577494	0.008445829	0.44804353
0.015815556	0.006932169	0.028668255	0.017368466	0.024067283	0.007912755	0.003613472	0.008227855	0.0022867918	0.0041638613	0.00970614	0.0052434206	0.0008427799	0.008712798	0.0033300817	0.0076094866	0.0007234216	0.0052192807	0.004860997	0.00053295493	0.0023749173	0.0020072162	0.0055265725	0.0011615455	0.00084134936	0.005385399	0.0088118315	0.8017348
